timestamp,session,message
2024-04-01T09:00:00Z,session-1,"Excited to start the day!"
2024-04-01T10:30:00Z,session-1,"Stuck on a bug, feeling frustrated."
2024-04-02T08:45:00Z,session-2,"Coffee is great, code is flowing."
2024-04-02T14:00:00Z,session-1,"Finally fixed the issue; relieved."
2024-04-03T12:15:00Z,session-2,"Meeting went well, team is happy."
2024-04-03T18:20:00Z,session-3,"Deployment failed, need to investigate."
2024-04-04T09:10:00Z,session-3,"Found the root cause; solution is simple."
2024-04-04T16:45:00Z,session-2,"Wrapping up tasks, feeling productive."
2024-04-05T11:30:00Z,session-1,"Quick wins today!"
2024-04-05T15:00:00Z,session-3,"Need a break, bit tired."
